UNIX TIME;TIME;LAT;LONG;ALT;DIST;HR;CAD;TEMP;POWER,,,,
1455985971;2016-02-20T16:32:51Z;45,422643;10,95269;125,0;0;0;0;No Data;No Data,
1455985972;2016-02-20T16:32:52Z;45,422655;10,952675;125,0;0,0017782;0;0;No Data;No Data
1455985976;2016-02-20T16:32:56Z;45,42269;10,95258;127,0;0,0101615;0;0;No Data;No Data
1455985979;2016-02-20T16:32:59Z;45,42269;10,95247;125,0;0,018756;0;0;No Data;No Data
1455985982;2016-02-20T16:33:02Z;45,422681;10,95236;123,0;0,0274014;0;0;No Data;No Data
1455985987;2016-02-20T16:33:07Z;45,42267;10,952245;120,0;0,0364701;0;0;No Data;No Data
1455985991;2016-02-20T16:33:11Z;45,42264;10,95215;113,0;0,0446101;0;0;No Data;No Data
1455985996;2016-02-20T16:33:16Z;45,422626;10,95203;108,0;0,0541037;0;0;No Data;No Data
1455985999;2016-02-20T16:33:19Z;45,422611;10,951925;106,0;0,0624622;0;0;No Data;No Data
1455986003;2016-02-20T16:33:23Z;45,42258;10,951815;100,0;0,0717246;0;0;No Data;No Data
1455986113;2016-02-20T16:35:13Z;45,421851;10,94748;116,0;0,4200289;0;0;No Data;No Data
1455986115;2016-02-20T16:35:15Z;45,421795;10,947385;122,0;0,4297231;0;0;No Data;No Data
1455986118;2016-02-20T16:35:18Z;45,421755;10,947235;124,0;0,4422618;0;0;No Data;No Data
1455986121;2016-02-20T16:35:21Z;45,421741;10,94713;126,0;0,4506002;0;0;No Data;No Data
1455986125;2016-02-20T16:35:25Z;45,42172;10,947;122,0;0,4610237;0;0;No Data;No Data
1455986128;2016-02-20T16:35:28Z;45,42171;10,946885;120,0;0,4700784;0;0;No Data;No Data
1455986131;2016-02-20T16:35:31Z;45,421685;10,946756;121,0;0,4804854;0;0;No Data;No Data
1455986134;2016-02-20T16:35:34Z;45,42166;10,94664;119,0;0,4899676;0;0;No Data;No Data
1455986137;2016-02-20T16:35:37Z;45,42163;10,946528;117,0;0,4993106;0;0;No Data;No Data
1455986140;2016-02-20T16:35:40Z;45,421615;10,94641;116,0;0,5086806;0;0;No Data;No Data
1455986143;2016-02-20T16:35:43Z;45,421596;10,946291;116,0;0,5181494;0;0;No Data;No Data
1455986146;2016-02-20T16:35:46Z;45,42158;10,94618;117,0;0,5270039;0;0;No Data;No Data
1455986149;2016-02-20T16:35:49Z;45,421561;10,946053;118,0;0,5371096;0;0;No Data;No Data
1455986152;2016-02-20T16:35:52Z;45,421545;10,945935;115,0;0,5465008;0;0;No Data;No Data
1455986155;2016-02-20T16:35:55Z;45,421526;10,945805;117,0;0,5568621;0;0;No Data;No Data
1455986158;2016-02-20T16:35:58Z;45,421505;10,945686;115,0;0,5663994;0;0;No Data;No Data
1455986161;2016-02-20T16:36:01Z;45,421485;10,945575;115,0;0,5753543;0;0;No Data;No Data
1455986164;2016-02-20T16:36:04Z;45,42147;10,94547;115,0;0,5837273;0;0;No Data;No Data
1455986168;2016-02-20T16:36:08Z;45,421455;10,945336;111,0;0,5942791;0;0;No Data;No Data
1455986171;2016-02-20T16:36:11Z;45,421436;10,94524;109,0;0,6020529;0;0;No Data;No Data
1455986175;2016-02-20T16:36:15Z;45,421426;10,9451;109,0;0,6130418;0;0;No Data;No Data
1455986179;2016-02-20T16:36:19Z;45,42141;10,944985;106,0;0,6222022;0;0;No Data;No Data
1455986182;2016-02-20T16:36:22Z;45,421375;10,944865;104,0;0,632357;0;0;No Data;No Data
1455986185;2016-02-20T16:36:25Z;45,421351;10,944755;100,0;0,6413371;0;0;No Data;No Data
1455986188;2016-02-20T16:36:28Z;45,42133;10,944645;100,0;0,650245;0;0;No Data;No Data
1455986191;2016-02-20T16:36:31Z;45,421315;10,944525;97,0;0,6597695;0;0;No Data;No Data
1455986194;2016-02-20T16:36:34Z;45,421296;10,944395;97,0;0,6701304;0;0;No Data;No Data
1455986197;2016-02-20T16:36:37Z;45,421276;10,944273;98,0;0,679878;0;0;No Data;No Data
1455986200;2016-02-20T16:36:40Z;45,421255;10,944155;97,0;0,6893906;0;0;No Data;No Data
1455986203;2016-02-20T16:36:43Z;45,42124;10,94403;96,0;0,6993;0;0;No Data;No Data
1455986206;2016-02-20T16:36:46Z;45,421225;10,943916;95,0;0,7083122;0;0;No Data;No Data
1455986209;2016-02-20T16:36:49Z;45,421206;10,943805;95,0;0,7172226;0;0;No Data;No Data
1455986212;2016-02-20T16:36:52Z;45,42119;10,943695;95,0;0,7260012;0;0;No Data;No Data
1455986215;2016-02-20T16:36:55Z;45,42118;10,943585;92,0;0,734669;0;0;No Data;No Data
1455986219;2016-02-20T16:36:59Z;45,421155;10,943456;91,0;0,7450764;0;0;No Data;No Data
1455986222;2016-02-20T16:37:02Z;45,421126;10,943343;92,0;0,7544281;0;0;No Data;No Data
1455986225;2016-02-20T16:37:05Z;45,421096;10,94321;92,0;0,765322;0;0;No Data;No Data
1455986228;2016-02-20T16:37:08Z;45,421065;10,943086;93,0;0,7755588;0;0;No Data;No Data
1455986231;2016-02-20T16:37:11Z;45,42103;10,94295;97,0;0,7868781;0;0;No Data;No Data
1455986234;2016-02-20T16:37:14Z;45,421005;10,942826;97,0;0,7969094;0;0;No Data;No Data
1455986237;2016-02-20T16:37:17Z;45,42098;10,942696;98,0;0,8073917;0;0;No Data;No Data
1455986240;2016-02-20T16:37:20Z;45,42095;10,942575;99,0;0,8174194;0;0;No Data;No Data
1455986243;2016-02-20T16:37:23Z;45,420925;10,942455;98,0;0,8272008;0;0;No Data;No Data
1455986246;2016-02-20T16:37:26Z;45,420901;10,942335;98,0;0,8369303;0;0;No Data;No Data
1455986249;2016-02-20T16:37:29Z;45,420895;10,942216;97,0;0,8462015;0;0;No Data;No Data
1455986253;2016-02-20T16:37:33Z;45,4209;10,942101;95,0;0,8551534;0;0;No Data;No Data
1455986257;2016-02-20T16:37:37Z;45,420903;10,94198;95,0;0,8646165;0;0;No Data;No Data
1455986261;2016-02-20T16:37:41Z;45,42088;10,941855;95,0;0,8747146;0;0;No Data;No Data
1455986264;2016-02-20T16:37:44Z;45,420851;10,94175;94,0;0,8835051;0;0;No Data;No Data
1455986267;2016-02-20T16:37:47Z;45,420831;10,941631;96,0;0,8929987;0;0;No Data;No Data
1455986270;2016-02-20T16:37:50Z;45,420815;10,941505;96,0;0,9030047;0;0;No Data;No Data
1455986273;2016-02-20T16:37:53Z;45,420795;10,941376;96,0;0,9132771;0;0;No Data;No Data
1455986276;2016-02-20T16:37:56Z;45,420771;10,941265;96,0;0,9223313;0;0;No Data;No Data
1455986279;2016-02-20T16:37:59Z;45,420746;10,941146;98,0;0,9319666;0;0;No Data;No Data
1455986282;2016-02-20T16:38:02Z;45,42073;10,94104;97,0;0,9404389;0;0;No Data;No Data
1455986286;2016-02-20T16:38:06Z;45,420705;10,940911;96,0;0,9508459;0;0;No Data;No Data
1455986289;2016-02-20T16:38:09Z;45,42069;10,94081;97,0;0,9589123;0;0;No Data;No Data
1455986292;2016-02-20T16:38:12Z;45,420676;10,940705;96,0;0,9672507;0;0;No Data;No Data
1455986295;2016-02-20T16:38:15Z;45,420655;10,940605;95,0;0,9754073;0;0;No Data;No Data
1455986298;2016-02-20T16:38:18Z;45,420625;10,9405;95,0;0,9842658;0;0;No Data;No Data
1455986301;2016-02-20T16:38:21Z;45,420603;10,940375;96,0;0,9943267;0;0;No Data;No Data
1455986304;2016-02-20T16:38:24Z;45,42058;10,940245;97,0;1,004803;0;0;No Data;No Data
1455986307;2016-02-20T16:38:27Z;45,420565;10,940131;95,0;1,013815;0;0;No Data;No Data
1455986312;2016-02-20T16:38:32Z;45,420555;10,94003;92,0;1,021786;0;0;No Data;No Data
1455986315;2016-02-20T16:38:35Z;45,420535;10,93991;92,0;1,031424;0;0;No Data;No Data
1455986318;2016-02-20T16:38:38Z;45,420515;10,939786;92,0;1,041316;0;0;No Data;No Data
1455986321;2016-02-20T16:38:41Z;45,42049;10,939665;91,0;1,051172;0;0;No Data;No Data
1455986324;2016-02-20T16:38:44Z;45,420456;10,939555;88,0;1,060534;0;0;No Data;No Data
1455986330;2016-02-20T16:38:50Z;45,42038;10,939535;89,0;1,069138;0;0;No Data;No Data
1455986335;2016-02-20T16:38:55Z;45,420296;10,939525;96,0;1,078448;0;0;No Data;No Data
1455986340;2016-02-20T16:39:00Z;45,420215;10,939515;98,0;1,0875;0;0;No Data;No Data
1455986345;2016-02-20T16:39:05Z;45,420121;10,939511;101,0;1,097894;0;0;No Data;No Data
1455986349;2016-02-20T16:39:09Z;45,42003;10,939505;115,0;1,108035;0;0;No Data;No Data
1455986352;2016-02-20T16:39:12Z;45,419945;10,939481;110,0;1,117672;0;0;No Data;No Data
1455986355;2016-02-20T16:39:15Z;45,419856;10,93947;106,0;1,127543;0;0;No Data;No Data
1455986358;2016-02-20T16:39:18Z;45,41977;10,93947;117,0;1,137117;0;0;No Data;No Data
1455986361;2016-02-20T16:39:21Z;45,419675;10,93947;109,0;1,147694;0;0;No Data;No Data
1455986364;2016-02-20T16:39:24Z;45,419576;10,939475;105,0;1,158649;0;0;No Data;No Data
1455986367;2016-02-20T16:39:27Z;45,419481;10,939495;104,0;1,169267;0;0;No Data;No Data
1455986370;2016-02-20T16:39:30Z;45,419376;10,93949;112,0;1,180889;0;0;No Data;No Data
1455986372;2016-02-20T16:39:32Z;45,419305;10,939485;110,0;1,188803;0;0;No Data;No Data
1455986374;2016-02-20T16:39:34Z;45,41923;10,939475;108,0;1,197189;0;0;No Data;No Data
1455986377;2016-02-20T16:39:37Z;45,419125;10,93947;108,0;1,208885;0;0;No Data;No Data
1455986380;2016-02-20T16:39:40Z;45,41903;10,93948;108,0;1,21949;0;0;No Data;No Data
1455986382;2016-02-20T16:39:42Z;45,418955;10,939475;107,0;1,227849;0;0;No Data;No Data
1455986384;2016-02-20T16:39:44Z;45,41888;10,939475;105,0;1,236199;0;0;No Data;No Data
1455986387;2016-02-20T16:39:47Z;45,418776;10,939475;105,0;1,247703;0;0;No Data;No Data
1455986390;2016-02-20T16:39:50Z;45,41869;10,93948;105,0;1,257285;0;0;No Data;No Data
1455986393;2016-02-20T16:39:53Z;45,418605;10,93949;105,0;1,26678;0;0;No Data;No Data
1455986396;2016-02-20T16:39:56Z;45,418525;10,93949;105,0;1,275686;0;0;No Data;No Data
1455986399;2016-02-20T16:39:59Z;45,418446;10,939475;104,0;1,284485;0;0;No Data;No Data
1455986405;2016-02-20T16:40:05Z;45,41837;10,939495;104,0;1,293089;0;0;No Data;No Data
1455986409;2016-02-20T16:40:09Z;45,418275;10,939441;102,0;1,304456;0;0;No Data;No Data
1455986412;2016-02-20T16:40:12Z;45,418205;10,939408;103,0;1,312657;0;0;No Data;No Data
1455986416;2016-02-20T16:40:16Z;45,418115;10,93938;102,0;1,322913;0;0;No Data;No Data
1455986421;2016-02-20T16:40:21Z;45,418016;10,93939;103,0;1,333888;0;0;No Data;No Data
1455986424;2016-02-20T16:40:24Z;45,417945;10,93937;101,0;1,341945;0;0;No Data;No Data
1455986428;2016-02-20T16:40:28Z;45,417865;10,939365;102,0;1,35086;0;0;No Data;No Data
1455986432;2016-02-20T16:40:32Z;45,417791;10,939345;103,0;1,359172;0;0;No Data;No Data
1455986436;2016-02-20T16:40:36Z;45,4177;10,93931;104,0;1,369665;0;0;No Data;No Data
1455986439;2016-02-20T16:40:39Z;45,41762;10,939281;103,0;1,378842;0;0;No Data;No Data
1455986442;2016-02-20T16:40:42Z;45,41754;10,93927;103,0;1,387789;0;0;No Data;No Data
1455986445;2016-02-20T16:40:45Z;45,41745;10,939235;104,0;1,398175;0;0;No Data;No Data
1455986447;2016-02-20T16:40:47Z;45,41738;10,939205;104,0;1,406313;0;0;No Data;No Data
1455986450;2016-02-20T16:40:50Z;45,417285;10,93917;103,0;1,417238;0;0;No Data;No Data
1455986453;2016-02-20T16:40:53Z;45,417185;10,939135;104,0;1,428702;0;0;No Data;No Data
1455986456;2016-02-20T16:40:56Z;45,417095;10,93911;104,0;1,43891;0;0;No Data;No Data
1455986459;2016-02-20T16:40:59Z;45,417;10,939075;106,0;1,449835;0;0;No Data;No Data
1455986462;2016-02-20T16:41:02Z;45,416925;10,939045;105,0;1,458508;0;0;No Data;No Data
1455986465;2016-02-20T16:41:05Z;45,416845;10,939025;105,0;1,46755;0;0;No Data;No Data
1455986468;2016-02-20T16:41:08Z;45,416765;10,93902;105,0;1,476464;0;0;No Data;No Data
1455986472;2016-02-20T16:41:12Z;45,41669;10,93902;103,0;1,484813;0;0;No Data;No Data
1455986476;2016-02-20T16:41:16Z;45,416598;10,939015;103,0;1,495026;0;0;No Data;No Data
1455986479;2016-02-20T16:41:19Z;45,416508;10,93901;101,0;1,505016;0;0;No Data;No Data
1455986482;2016-02-20T16:41:22Z;45,416405;10,93902;102,0;1,51651;0;0;No Data;No Data
1455986484;2016-02-20T16:41:24Z;45,41633;10,93904;102,0;1,525005;0;0;No Data;No Data
1455986487;2016-02-20T16:41:27Z;45,41623;10,939066;102,0;1,536331;0;0;No Data;No Data
1455986490;2016-02-20T16:41:30Z;45,416125;10,93909;101,0;1,54817;0;0;No Data;No Data
1455986493;2016-02-20T16:41:33Z;45,416025;10,93911;101,0;1,559412;0;0;No Data;No Data
1455986496;2016-02-20T16:41:36Z;45,415925;10,939145;101,0;1,570876;0;0;No Data;No Data
1455986499;2016-02-20T16:41:39Z;45,415835;10,939175;101,0;1,581167;0;0;No Data;No Data
1455986502;2016-02-20T16:41:42Z;45,41573;10,93919;100,0;1,592916;0;0;No Data;No Data
1455986505;2016-02-20T16:41:45Z;45,415631;10,939225;101,0;1,6042;0;0;No Data;No Data
1455986508;2016-02-20T16:41:48Z;45,41554;10,93926;104,0;1,614693;0;0;No Data;No Data
1455986511;2016-02-20T16:41:51Z;45,415443;10,939305;107,0;1,626015;0;0;No Data;No Data
1455986514;2016-02-20T16:41:54Z;45,415355;10,939345;107,0;1,636299;0;0;No Data;No Data
1455986517;2016-02-20T16:41:57Z;45,415265;10,93939;109,0;1,646918;0;0;No Data;No Data
1455986520;2016-02-20T16:42:00Z;45,41519;10,939431;107,0;1,65588;0;0;No Data;No Data
1455986524;2016-02-20T16:42:04Z;45,415105;10,939475;106,0;1,665949;0;0;No Data;No Data
1455986528;2016-02-20T16:42:08Z;45,415035;10,939515;104,0;1,674345;0;0;No Data;No Data
1455986532;2016-02-20T16:42:12Z;45,414975;10,939591;101,0;1,683318;0;0;No Data;No Data
1455986536;2016-02-20T16:42:16Z;45,415005;10,9397;105,0;1,692468;0;0;No Data;No Data
1455986540;2016-02-20T16:42:20Z;45,41505;10,939805;105,0;1,702083;0;0;No Data;No Data
1455986544;2016-02-20T16:42:24Z;45,415076;10,939935;106,0;1,712667;0;0;No Data;No Data
1455986547;2016-02-20T16:42:27Z;45,415026;10,940015;107,0;1,720989;0;0;No Data;No Data
1455986550;2016-02-20T16:42:30Z;45,414955;10,94008;106,0;1,730385;0;0;No Data;No Data
1455986553;2016-02-20T16:42:33Z;45,414865;10,940155;106,0;1,741993;0;0;No Data;No Data
1455986556;2016-02-20T16:42:36Z;45,414775;10,940231;107,0;1,753668;0;0;No Data;No Data
1455986559;2016-02-20T16:42:39Z;45,41469;10,940305;105,0;1,764758;0;0;No Data;No Data
1455986562;2016-02-20T16:42:42Z;45,414606;10,94036;105,0;1,774983;0;0;No Data;No Data
1455986566;2016-02-20T16:42:46Z;45,414531;10,940315;105,0;1,783975;0;0;No Data;No Data
1455986569;2016-02-20T16:42:49Z;45,41448;10,940225;104,0;1,793014;0;0;No Data;No Data
1455986573;2016-02-20T16:42:53Z;45,41442;10,94013;105,0;1,803001;0;0;No Data;No Data
1455986577;2016-02-20T16:42:57Z;45,414375;10,940045;105,0;1,811321;0;0;No Data;No Data
1455986581;2016-02-20T16:43:01Z;45,414321;10,93994;101,0;1,82145;0;0;No Data;No Data
1455986585;2016-02-20T16:43:05Z;45,414256;10,939831;101,0;1,832539;0;0;No Data;No Data
1455986588;2016-02-20T16:43:08Z;45,414185;10,939746;101,0;1,842831;0;0;No Data;No Data
1455986591;2016-02-20T16:43:11Z;45,41411;10,939665;102,0;1,853309;0;0;No Data;No Data
1455986594;2016-02-20T16:43:14Z;45,414035;10,93961;102,0;1,8627;0;0;No Data;No Data
1455986597;2016-02-20T16:43:17Z;45,413955;10,93955;103,0;1,872765;0;0;No Data;No Data
1455986600;2016-02-20T16:43:20Z;45,413856;10,939495;103,0;1,884526;0;0;No Data;No Data
1455986603;2016-02-20T16:43:23Z;45,41376;10,939456;104,0;1,895625;0;0;No Data;No Data
1455986606;2016-02-20T16:43:26Z;45,413666;10,939441;104,0;1,906076;0;0;No Data;No Data
1455986609;2016-02-20T16:43:29Z;45,413585;10,93945;104,0;1,915121;0;0;No Data;No Data
1455986612;2016-02-20T16:43:32Z;45,41351;10,93946;104,0;1,923507;0;0;No Data;No Data
1455986615;2016-02-20T16:43:35Z;45,413435;10,93949;104,0;1,93218;0;0;No Data;No Data
1455986618;2016-02-20T16:43:38Z;45,413365;10,939535;104,0;1,940729;0;0;No Data;No Data
1455986621;2016-02-20T16:43:41Z;45,41329;10,93959;104,0;1,95012;0;0;No Data;No Data
1455986624;2016-02-20T16:43:44Z;45,413215;10,93964;104,0;1,959339;0;0;No Data;No Data
1455986627;2016-02-20T16:43:47Z;45,413135;10,939688;107,0;1,969014;0;0;No Data;No Data
1455986630;2016-02-20T16:43:50Z;45,413055;10,939745;107,0;1,978973;0;0;No Data;No Data
1455986633;2016-02-20T16:43:53Z;45,412975;10,939785;107,0;1,988412;0;0;No Data;No Data
1455986636;2016-02-20T16:43:56Z;45,412895;10,93981;107,0;1,99753;0;0;No Data;No Data
1455986639;2016-02-20T16:43:59Z;45,41282;10,939815;104,0;2,005889;0;0;No Data;No Data
1455986642;2016-02-20T16:44:02Z;45,412746;10,939815;104,0;2,014053;0;0;No Data;No Data
1455986646;2016-02-20T16:44:06Z;45,412651;10,939811;102,0;2,024559;0;0;No Data;No Data
1455986649;2016-02-20T16:44:09Z;45,412571;10,9398;102,0;2,033433;0;0;No Data;No Data
1455986652;2016-02-20T16:44:12Z;45,412488;10,939761;101,0;2,043111;0;0;No Data;No Data
1455986655;2016-02-20T16:44:15Z;45,41241;10,939715;100,0;2,052509;0;0;No Data;No Data
1455986658;2016-02-20T16:44:18Z;45,412335;10,939666;100,0;2,061674;0;0;No Data;No Data
1455986662;2016-02-20T16:44:22Z;45,41225;10,93961;100,0;2,0721;0;0;No Data;No Data
1455986666;2016-02-20T16:44:26Z;45,412186;10,939525;101,0;2,081788;0;0;No Data;No Data
1455986672;2016-02-20T16:44:32Z;45,41215;10,939436;99,0;2,08977;0;0;No Data;No Data
1455986676;2016-02-20T16:44:36Z;45,41208;10,939355;97,0;2,09981;0;0;No Data;No Data
1455986679;2016-02-20T16:44:39Z;45,41202;10,93927;95,0;2,109231;0;0;No Data;No Data
1455986682;2016-02-20T16:44:42Z;45,41196;10,939195;95,0;2,118118;0;0;No Data;No Data
1455986685;2016-02-20T16:44:45Z;45,411906;10,939086;96,0;2,128459;0;0;No Data;No Data
1455986688;2016-02-20T16:44:48Z;45,411855;10,938995;95,0;2,137559;0;0;No Data;No Data
1455986691;2016-02-20T16:44:51Z;45,411791;10,93891;94,0;2,147247;0;0;No Data;No Data
1455986694;2016-02-20T16:44:54Z;45,411736;10,938815;93,0;2,156823;0;0;No Data;No Data
1455986697;2016-02-20T16:44:57Z;45,411681;10,938735;90,0;2,165523;0;0;No Data;No Data
1455986700;2016-02-20T16:45:00Z;45,411616;10,93863;96,0;2,176415;0;0;No Data;No Data
1455986703;2016-02-20T16:45:03Z;45,411565;10,93851;95,0;2,187378;0;0;No Data;No Data
1455986707;2016-02-20T16:45:07Z;45,411495;10,93843;94,0;2,197369;0;0;No Data;No Data
1455986710;2016-02-20T16:45:10Z;45,411431;10,93835;94,0;2,206793;0;0;No Data;No Data
1455986713;2016-02-20T16:45:13Z;45,411375;10,938275;96,0;2,21535;0;0;No Data;No Data
1455986717;2016-02-20T16:45:17Z;45,41131;10,938185;93,0;2,225441;0;0;No Data;No Data
1455986720;2016-02-20T16:45:20Z;45,411255;10,938115;93,0;2,233652;0;0;No Data;No Data
1455986723;2016-02-20T16:45:23Z;45,411208;10,93802;91,0;2,242714;0;0;No Data;No Data
1455986726;2016-02-20T16:45:26Z;45,41115;10,93793;91,0;2,252262;0;0;No Data;No Data
1455986729;2016-02-20T16:45:29Z;45,4111;10,937836;91,0;2,261438;0;0;No Data;No Data
1455986732;2016-02-20T16:45:32Z;45,411046;10,93775;91,0;2,270406;0;0;No Data;No Data
1455986735;2016-02-20T16:45:35Z;45,410995;10,93765;93,0;2,280066;0;0;No Data;No Data
1455986738;2016-02-20T16:45:38Z;45,410941;10,93756;93,0;2,289271;0;0;No Data;No Data
1455986741;2016-02-20T16:45:41Z;45,410891;10,937471;93,0;2,298092;0;0;No Data;No Data
1455986744;2016-02-20T16:45:44Z;45,410835;10,937405;92,0;2,306184;0;0;No Data;No Data
1455986747;2016-02-20T16:45:47Z;45,41078;10,93732;92,0;2,315219;0;0;No Data;No Data
1455986750;2016-02-20T16:45:50Z;45,41073;10,93722;91,0;2,324814;0;0;No Data;No Data
1455986753;2016-02-20T16:45:53Z;45,41068;10,93713;90,0;2,333784;0;0;No Data;No Data
1455986756;2016-02-20T16:45:56Z;45,410631;10,937021;90,0;2,343816;0;0;No Data;No Data
1455986759;2016-02-20T16:45:59Z;45,410575;10,93694;90,0;2,352701;0;0;No Data;No Data
1455986762;2016-02-20T16:46:02Z;45,41051;10,936865;88,0;2,362013;0;0;No Data;No Data
1455986765;2016-02-20T16:46:05Z;45,410448;10,93679;86,0;2,37104;0;0;No Data;No Data
1455986768;2016-02-20T16:46:08Z;45,410401;10,936695;85,0;2,380081;0;0;No Data;No Data
1455986771;2016-02-20T16:46:11Z;45,41035;10,936605;84,0;2,389121;0;0;No Data;No Data
1455986774;2016-02-20T16:46:14Z;45,410293;10,93651;85,0;2,398864;0;0;No Data;No Data
1455986777;2016-02-20T16:46:17Z;45,410245;10,936385;90,0;2,409999;0;0;No Data;No Data
1455986780;2016-02-20T16:46:20Z;45,410181;10,93627;91,0;2,421423;0;0;No Data;No Data
1455986783;2016-02-20T16:46:23Z;45,410111;10,936175;94,0;2,432134;0;0;No Data;No Data
1455986786;2016-02-20T16:46:26Z;45,410051;10,93609;95,0;2,441503;0;0;No Data;No Data
1455986789;2016-02-20T16:46:29Z;45,409996;10,936016;96,0;2,449835;0;0;No Data;No Data
1455986792;2016-02-20T16:46:32Z;45,40995;10,935925;96,0;2,458599;0;0;No Data;No Data
1455986795;2016-02-20T16:46:35Z;45,4099;10,93584;96,0;2,467266;0;0;No Data;No Data
1455986798;2016-02-20T16:46:38Z;45,40985;10,935748;96,0;2,476339;0;0;No Data;No Data
1455986802;2016-02-20T16:46:42Z;45,40979;10,93564;97,0;2,487104;0;0;No Data;No Data
1455986805;2016-02-20T16:46:45Z;45,40974;10,935551;97,0;2,495973;0;0;No Data;No Data
1455986808;2016-02-20T16:46:48Z;45,409686;10,935455;99,0;2,505541;0;0;No Data;No Data
1455986811;2016-02-20T16:46:51Z;45,409645;10,935341;100,0;2,515505;0;0;No Data;No Data
1455986814;2016-02-20T16:46:54Z;45,40959;10,93524;100,0;2,525496;0;0;No Data;No Data
1455986817;2016-02-20T16:46:57Z;45,40954;10,93514;100,0;2,535092;0;0;No Data;No Data
1455986820;2016-02-20T16:47:00Z;45,409495;10,93504;99,0;2,544376;0;0;No Data;No Data
1455986823;2016-02-20T16:47:03Z;45,409440;10,93497;97,0;2,552588;0;0;No Data;No Data
1455986826;2016-02-20T16:47:06Z;45,409381;10,9349;96,0;2,561079;0;0;No Data;No Data
1455986829;2016-02-20T16:47:09Z;45,40933;10,934815;97,0;2,569817;0;0;No Data;No Data
1455986832;2016-02-20T16:47:12Z;45,409275;10,934725;98,0;2,579143;0;0;No Data;No Data
1455986835;2016-02-20T16:47:15Z;45,40921;10,934635;98,0;2,589234;0;0;No Data;No Data
1455986838;2016-02-20T16:47:18Z;45,40916;10,934536;97,0;2,598723;0;0;No Data;No Data
1455986841;2016-02-20T16:47:21Z;45,40911;10,934455;97,0;2,607153;0;0;No Data;No Data
1455986844;2016-02-20T16:47:24Z;45,40906;10,93437;97,0;2,61582;0;0;No Data;No Data
1455986847;2016-02-20T16:47:27Z;45,408995;10,934275;97,0;2,626187;0;0;No Data;No Data
1455986850;2016-02-20T16:47:30Z;45,408935;10,93417;100,0;2,636768;0;0;No Data;No Data
1455986853;2016-02-20T16:47:33Z;45,408871;10,934095;95,0;2,645937;0;0;No Data;No Data
1455986856;2016-02-20T16:47:36Z;45,408815;10,934015;95,0;2,654766;0;0;No Data;No Data
1455986858;2016-02-20T16:47:38Z;45,408765;10,933935;94,0;2,663138;0;0;No Data;No Data
1455986862;2016-02-20T16:47:42Z;45,408718;10,93385;97,0;2,671572;0;0;No Data;No Data
1455986865;2016-02-20T16:47:45Z;45,40867;10,933761;96,0;2,680302;0;0;No Data;No Data
1455986868;2016-02-20T16:47:48Z;45,408615;10,93368;95,0;2,689109;0;0;No Data;No Data
1455986871;2016-02-20T16:47:51Z;45,408565;10,933585;95,0;2,698389;0;0;No Data;No Data
1455986874;2016-02-20T16:47:54Z;45,408505;10,9335;95,0;2,70781;0;0;No Data;No Data
1455986877;2016-02-20T16:47:57Z;45,408436;10,93342;97,0;2,717657;0;0;No Data;No Data
1455986880;2016-02-20T16:48:00Z;45,40838;10,93334;94,0;2,726486;0;0;No Data;No Data
1455986883;2016-02-20T16:48:03Z;45,408321;10,93326;95,0;2,735501;0;0;No Data;No Data
1455986886;2016-02-20T16:48:06Z;45,408275;10,93316;96,0;2,744845;0;0;No Data;No Data
1455986889;2016-02-20T16:48:09Z;45,40823;10,933045;98,0;2,755135;0;0;No Data;No Data
1455986892;2016-02-20T16:48:12Z;45,408175;10,93293;99,0;2,766011;0;0;No Data;No Data
1455986895;2016-02-20T16:48:15Z;45,40811;10,932831;99,0;2,776567;0;0;No Data;No Data
1455986898;2016-02-20T16:48:18Z;45,40806;10,93274;100,0;2,785599;0;0;No Data;No Data
1455986902;2016-02-20T16:48:22Z;45,408;10,93266;99,0;2,794749;0;0;No Data;No Data
1455986906;2016-02-20T16:48:26Z;45,40794;10,93255;99,0;2,805637;0;0;No Data;No Data
1455986909;2016-02-20T16:48:29Z;45,407885;10,932445;100,0;2,815877;0;0;No Data;No Data
1455986912;2016-02-20T16:48:32Z;45,407835;10,932335;101,0;2,826119;0;0;No Data;No Data
1455986915;2016-02-20T16:48:35Z;45,40779;10,93225;100,0;2,83444;0;0;No Data;No Data
1455986918;2016-02-20T16:48:38Z;45,407716;10,932166;105,0;2,844884;0;0;No Data;No Data
1455986921;2016-02-20T16:48:41Z;45,407616;10,932145;105,0;2,856064;0;0;No Data;No Data
1455986924;2016-02-20T16:48:44Z;45,407535;10,932205;104,0;2,866228;0;0;No Data;No Data
1455986927;2016-02-20T16:48:47Z;45,407465;10,932256;102,0;2,875005;0;0;No Data;No Data
1455986930;2016-02-20T16:48:50Z;45,407395;10,932311;101,0;2,88393;0;0;No Data;No Data
1455986933;2016-02-20T16:48:53Z;45,407335;10,932381;102,0;2,892598;0;0;No Data;No Data
1455986936;2016-02-20T16:48:56Z;45,407266;10,93246;105,0;2,902396;0;0;No Data;No Data
1455986939;2016-02-20T16:48:59Z;45,40719;10,932545;102,0;2,913153;0;0;No Data;No Data
1455986942;2016-02-20T16:49:02Z;45,407125;10,932625;102,0;2,922717;0;0;No Data;No Data
1455986945;2016-02-20T16:49:05Z;45,40705;10,932705;103,0;2,933149;0;0;No Data;No Data
1455986948;2016-02-20T16:49:08Z;45,40698;10,932776;104,0;2,942747;0;0;No Data;No Data
1455986951;2016-02-20T16:49:11Z;45,4069;10,932776;104,0;2,951653;0;0;No Data;No Data
1455986954;2016-02-20T16:49:14Z;45,406821;10,932745;103,0;2,960704;0;0;No Data;No Data
1455986960;2016-02-20T16:49:20Z;45,406748;10,93269;101,0;2,969865;0;0;No Data;No Data
1455986964;2016-02-20T16:49:24Z;45,406685;10,932615;102,0;2,979007;0;0;No Data;No Data
1455986968;2016-02-20T16:49:28Z;45,40664;10,932515;102,0;2,988291;0;0;No Data;No Data
1455986972;2016-02-20T16:49:32Z;45,406585;10,932405;102,0;2,998846;0;0;No Data;No Data
1455986975;2016-02-20T16:49:35Z;45,406535;10,93232;102,0;3,007513;0;0;No Data;No Data
1455986978;2016-02-20T16:49:38Z;45,406465;10,932221;103,0;3,018458;0;0;No Data;No Data
1455986981;2016-02-20T16:49:41Z;45,406405;10,932126;104,0;3,028407;0;0;No Data;No Data
1455986984;2016-02-20T16:49:44Z;45,40635;10,932035;105,0;3,037792;0;0;No Data;No Data
1455986987;2016-02-20T16:49:47Z;45,406296;10,931945;106,0;3,046997;0;0;No Data;No Data
1455986991;2016-02-20T16:49:51Z;45,406265;10,931846;107,0;3,055422;0;0;No Data;No Data
1455986998;2016-02-20T16:49:58Z;45,406241;10,93183;106,0;3,058305;0;0;No Data;No Data
1455987001;2016-02-20T16:50:01Z;45,40618;10,93175;105,0;3,067536;0;0;No Data;No Data
1455987003;2016-02-20T16:50:03Z;45,40612;10,931671;105,0;3,076597;0;0;No Data;No Data
1455987005;2016-02-20T16:50:05Z;45,40605;10,93159;105,0;3,086637;0;0;No Data;No Data
1455987007;2016-02-20T16:50:07Z;45,405986;10,93151;105,0;3,096061;0;0;No Data;No Data
1455987009;2016-02-20T16:50:09Z;45,40593;10,931426;104,0;3,105077;0;0;No Data;No Data
1455987011;2016-02-20T16:50:11Z;45,40588;10,93135;104,0;3,113218;0;0;No Data;No Data
1455987014;2016-02-20T16:50:14Z;45,405815;10,931265;103,0;3,123042;0;0;No Data;No Data
1455987018;2016-02-20T16:50:18Z;45,40576;10,93119;102,0;3,13152;0;0;No Data;No Data
1455987023;2016-02-20T16:50:23Z;45,40572;10,931095;105,0;3,140178;0;0;No Data;No Data
1455987028;2016-02-20T16:50:28Z;45,405671;10,931;105,0;3,149349;0;0;No Data;No Data
1455987032;2016-02-20T16:50:32Z;45,405625;10,93092;106,0;3,157432;0;0;No Data;No Data
1455987036;2016-02-20T16:50:36Z;45,405576;10,930845;109,0;3,16539;0;0;No Data;No Data
1455987042;2016-02-20T16:50:42Z;45,40553;10,930755;106,0;3,174091;0;0;No Data;No Data
1455987048;2016-02-20T16:50:48Z;45,40549;10,93067;107,0;3,18209;0;0;No Data;No Data
1455987053;2016-02-20T16:50:53Z;45,405435;10,9306;106,0;3,190302;0;0;No Data;No Data
1455987059;2016-02-20T16:50:59Z;45,405385;10,93051;106,0;3,199273;0;0;No Data;No Data
1455987065;2016-02-20T16:51:05Z;45,405326;10,930445;108,0;3,207519;0;0;No Data;No Data
1455987071;2016-02-20T16:51:11Z;45,405255;10,930461;106,0;3,215531;0;0;No Data;No Data
1455987078;2016-02-20T16:51:18Z;45,405228;10,930515;108,0;3,220692;0;0;No Data;No Data
1455987085;2016-02-20T16:51:25Z;45,40517;10,93059;107,0;3,229413;0;0;No Data;No Data
1455987091;2016-02-20T16:51:31Z;45,405106;10,930631;107,0;3,237179;0;0;No Data;No Data
1455987098;2016-02-20T16:51:38Z;45,405041;10,93068;109,0;3,2453;0;0;No Data;No Data
1455987104;2016-02-20T16:51:44Z;45,40496;10,930725;101,0;3,254979;0;0;No Data;No Data
1455987107;2016-02-20T16:51:47Z;45,40489;10,93078;100,0;3,263879;0;0;No Data;No Data
1455987110;2016-02-20T16:51:50Z;45,40482;10,930865;101,0;3,27412;0;0;No Data;No Data
1455987113;2016-02-20T16:51:53Z;45,40475;10,930945;101,0;3,284112;0;0;No Data;No Data
1455987116;2016-02-20T16:51:56Z;45,404675;10,93102;100,0;3,294314;0;0;No Data;No Data
1455987119;2016-02-20T16:51:59Z;45,404615;10,9311;100,0;3,303464;0;0;No Data;No Data
1455987122;2016-02-20T16:52:02Z;45,404556;10,931166;100,0;3,311791;0;0;No Data;No Data
1455987125;2016-02-20T16:52:05Z;45,404501;10,931236;100,0;3,319982;0;0;No Data;No Data
1455987129;2016-02-20T16:52:09Z;45,404425;10,931305;98,0;3,330016;0;0;No Data;No Data
1455987133;2016-02-20T16:52:13Z;45,40435;10,931355;97,0;3,339235;0;0;No Data;No Data
1455987137;2016-02-20T16:52:17Z;45,404271;10,931395;97,0;3,348499;0;0;No Data;No Data
1455987140;2016-02-20T16:52:20Z;45,404206;10,93145;96,0;3,356853;0;0;No Data;No Data
1455987143;2016-02-20T16:52:23Z;45,404145;10,93152;96,0;3,365574;0;0;No Data;No Data
1455987146;2016-02-20T16:52:26Z;45,404075;10,931605;96,0;3,375815;0;0;No Data;No Data
1455987149;2016-02-20T16:52:29Z;45,404001;10,931705;97,0;3,387118;0;0;No Data;No Data
1455987152;2016-02-20T16:52:32Z;45,403933;10,931805;98,0;3,397974;0;0;No Data;No Data
1455987155;2016-02-20T16:52:35Z;45,403863;10,931883;98,0;3,407856;0;0;No Data;No Data
1455987158;2016-02-20T16:52:38Z;45,40379;10,93193;100,0;3,416775;0;0;No Data;No Data
1455987161;2016-02-20T16:52:41Z;45,403715;10,93196;102,0;3,425448;0;0;No Data;No Data
1455987164;2016-02-20T16:52:44Z;45,40366;10,932025;102,0;3,433404;0;0;No Data;No Data
1455987168;2016-02-20T16:52:48Z;45,403601;10,932105;102,0;3,442419;0;0;No Data;No Data
1455987171;2016-02-20T16:52:51Z;45,403556;10,93219;102,0;3,450695;0;0;No Data;No Data
1455987175;2016-02-20T16:52:55Z;45,40351;10,93229;104,0;3,46004;0;0;No Data;No Data
1455987178;2016-02-20T16:52:58Z;45,403483;10,932395;106,0;3,468768;0;0;No Data;No Data
1455987181;2016-02-20T16:53:01Z;45,403445;10,932525;107,0;3,479775;0;0;No Data;No Data
1455987184;2016-02-20T16:53:04Z;45,40342;10,93265;107,0;3,489934;0;0;No Data;No Data
1455987187;2016-02-20T16:53:07Z;45,403401;10,93277;108,0;3,499534;0;0;No Data;No Data
1455987190;2016-02-20T16:53:10Z;45,40338;10,932886;109,0;3,508948;0;0;No Data;No Data
1455987194;2016-02-20T16:53:14Z;45,40336;10,933;107,0;3,518133;0;0;No Data;No Data
1455987197;2016-02-20T16:53:17Z;45,403335;10,9331;107,0;3,52643;0;0;No Data;No Data
1455987200;2016-02-20T16:53:20Z;45,40331;10,933211;106,0;3,535592;0;0;No Data;No Data
1455987203;2016-02-20T16:53:23Z;45,40328;10,93333;106,0;3,545475;0;0;No Data;No Data
1455987206;2016-02-20T16:53:26Z;45,403255;10,933438;106,0;3,554388;0;0;No Data;No Data
1455987209;2016-02-20T16:53:29Z;45,403235;10,93355;108,0;3,563422;0;0;No Data;No Data
1455987212;2016-02-20T16:53:32Z;45,403215;10,933671;108,0;3,57319;0;0;No Data;No Data
1455987215;2016-02-20T16:53:35Z;45,403191;10,933815;108,0;3,584742;0;0;No Data;No Data
1455987218;2016-02-20T16:53:38Z;45,403166;10,933955;107,0;3,596016;0;0;No Data;No Data
1455987220;2016-02-20T16:53:40Z;45,40315;10,93406;107,0;3,604414;0;0;No Data;No Data
1455987222;2016-02-20T16:53:42Z;45,403125;10,93417;107,0;3,613451;0;0;No Data;No Data
1455987224;2016-02-20T16:53:44Z;45,403101;10,934281;108,0;3,622558;0;0;No Data;No Data
1455987226;2016-02-20T16:53:46Z;45,40309;10,934383;106,0;3,63065;0;0;No Data;No Data
1455987228;2016-02-20T16:53:48Z;45,40307;10,93449;106,0;3,639305;0;0;No Data;No Data
1455987231;2016-02-20T16:53:51Z;45,403045;10,934635;106,0;3,650976;0;0;No Data;No Data
1455987234;2016-02-20T16:53:54Z;45,403025;10,934775;106,0;3,662144;0;0;No Data;No Data
1455987237;2016-02-20T16:53:57Z;45,403005;10,934906;106,0;3,672674;0;0;No Data;No Data
1455987240;2016-02-20T16:54:00Z;45,40298;10,93505;105,0;3,684269;0;0;No Data;No Data
1455987243;2016-02-20T16:54:03Z;45,402955;10,935175;104,0;3,694429;0;0;No Data;No Data
1455987246;2016-02-20T16:54:06Z;45,40293;10,935305;105,0;3,704965;0;0;No Data;No Data
1455987249;2016-02-20T16:54:09Z;45,402901;10,935431;105,0;3,715356;0;0;No Data;No Data
1455987252;2016-02-20T16:54:12Z;45,402866;10,93555;105,0;3,725412;0;0;No Data;No Data
1455987255;2016-02-20T16:54:15Z;45,402841;10,93565;105,0;3,733685;0;0;No Data;No Data
1455987258;2016-02-20T16:54:18Z;45,402816;10,93575;103,0;3,741958;0;0;No Data;No Data
1455987261;2016-02-20T16:54:21Z;45,40279;10,935861;105,0;3,751154;0;0;No Data;No Data
1455987264;2016-02-20T16:54:24Z;45,40276;10,935961;105,0;3,759703;0;0;No Data;No Data
1455987267;2016-02-20T16:54:27Z;45,402735;10,93608;106,0;3,769413;0;0;No Data;No Data
1455987270;2016-02-20T16:54:30Z;45,402715;10,936203;106,0;3,779307;0;0;No Data;No Data
1455987273;2016-02-20T16:54:33Z;45,402695;10,93633;107,0;3,78948;0;0;No Data;No Data
1455987276;2016-02-20T16:54:36Z;45,402675;10,93647;108,0;3,800647;0;0;No Data;No Data
1455987279;2016-02-20T16:54:39Z;45,402656;10,936606;108,0;3,811523;0;0;No Data;No Data
1455987282;2016-02-20T16:54:42Z;45,402626;10,936736;109,0;3,822246;0;0;No Data;No Data
1455987286;2016-02-20T16:54:46Z;45,402575;10,93685;104,0;3,832812;0;0;No Data;No Data
1455987289;2016-02-20T16:54:49Z;45,402531;10,936946;102,0;3,841777;0;0;No Data;No Data
1455987292;2016-02-20T16:54:52Z;45,402495;10,93706;105,0;3,851547;0;0;No Data;No Data
1455987295;2016-02-20T16:54:55Z;45,402475;10,937175;105,0;3,860807;0;0;No Data;No Data
1455987299;2016-02-20T16:54:59Z;45,40245;10,937305;104,0;3,871343;0;0;No Data;No Data
1455987303;2016-02-20T16:55:03Z;45,40241;10,93741;102,0;3,880681;0;0;No Data;No Data
1455987308;2016-02-20T16:55:08Z;45,402376;10,937526;98,0;3,890527;0;0;No Data;No Data
1455987312;2016-02-20T16:55:12Z;45,402346;10,93763;97,0;3,899287;0;0;No Data;No Data
1455987315;2016-02-20T16:55:15Z;45,402325;10,93773;98,0;3,907446;0;0;No Data;No Data
1455987319;2016-02-20T16:55:19Z;45,402291;10,937853;98,0;3,917776;0;0;No Data;No Data
1455987322;2016-02-20T16:55:22Z;45,402281;10,937965;99,0;3,926592;0;0;No Data;No Data
1455987325;2016-02-20T16:55:25Z;45,402258;10,9381;100,0;3,937442;0;0;No Data;No Data
1455987328;2016-02-20T16:55:28Z;45,40225;10,938235;101,0;3,948031;0;0;No Data;No Data
1455987331;2016-02-20T16:55:31Z;45,402231;10,93834;100,0;3,956489;0;0;No Data;No Data
1455987335;2016-02-20T16:55:35Z;45,402205;10,938456;102,0;3,966057;0;0;No Data;No Data
1455987338;2016-02-20T16:55:38Z;45,402203;10,938605;106,0;3,977705;0;0;No Data;No Data
1455987341;2016-02-20T16:55:41Z;45,402191;10,938735;108,0;3,987945;0;0;No Data;No Data
1455987344;2016-02-20T16:55:44Z;45,402176;10,93886;108,0;3,997846;0;0;No Data;No Data
1455987347;2016-02-20T16:55:47Z;45,402155;10,938995;107,0;4,008655;0;0;No Data;No Data
1455987350;2016-02-20T16:55:50Z;45,402135;10,93912;108,0;4,018676;0;0;No Data;No Data
1455987353;2016-02-20T16:55:53Z;45,402111;10,939245;109,0;4,028786;0;0;No Data;No Data
1455987356;2016-02-20T16:55:56Z;45,402086;10,93938;108,0;4,039681;0;0;No Data;No Data
1455987359;2016-02-20T16:55:59Z;45,40206;10,939495;107,0;4,049125;0;0;No Data;No Data
1455987362;2016-02-20T16:56:02Z;45,402033;10,939605;108,0;4,058222;0;0;No Data;No Data
1455987365;2016-02-20T16:56:05Z;45,402015;10,939725;106,0;4,067814;0;0;No Data;No Data
1455987368;2016-02-20T16:56:08Z;45,401986;10,93984;107,0;4,077341;0;0;No Data;No Data
1455987371;2016-02-20T16:56:11Z;45,401961;10,93995;107,0;4,086356;0;0;No Data;No Data
1455987374;2016-02-20T16:56:14Z;45,401935;10,940045;109,0;4,094326;0;0;No Data;No Data
1455987377;2016-02-20T16:56:17Z;45,401905;10,940165;109,0;4,104283;0;0;No Data;No Data
1455987381;2016-02-20T16:56:21Z;45,401876;10,94028;107,0;4,11381;0;0;No Data;No Data
1455987384;2016-02-20T16:56:24Z;45,40185;10,94039;108,0;4,122883;0;0;No Data;No Data
1455987387;2016-02-20T16:56:27Z;45,401825;10,94049;108,0;4,13118;0;0;No Data;No Data
1455987390;2016-02-20T16:56:30Z;45,4018;10,9406;109,0;4,140217;0;0;No Data;No Data
1455987393;2016-02-20T16:56:33Z;45,40179;10,940711;108,0;4,149016;0;0;No Data;No Data
1455987397;2016-02-20T16:56:37Z;45,40183;10,940831;107,0;4,159446;0;0;No Data;No Data
1455987400;2016-02-20T16:56:40Z;45,401893;10,940903;107,0;4,168483;0;0;No Data;No Data
1455987403;2016-02-20T16:56:43Z;45,40196;10,94096;107,0;4,177171;0;0;No Data;No Data
1455987406;2016-02-20T16:56:46Z;45,402025;10,941025;109,0;4,186013;0;0;No Data;No Data
1455987410;2016-02-20T16:56:50Z;45,40209;10,941111;106,0;4,195926;0;0;No Data;No Data
1455987414;2016-02-20T16:56:54Z;45,402155;10,94121;106,0;4,206521;0;0;No Data;No Data
1455987417;2016-02-20T16:56:57Z;45,402211;10,94128;107,0;4,214872;0;0;No Data;No Data
1455987421;2016-02-20T16:57:01Z;45,402275;10,941376;106,0;4,225258;0;0;No Data;No Data
1455987424;2016-02-20T16:57:04Z;45,402326;10,941455;105,0;4,233697;0;0;No Data;No Data
1455987427;2016-02-20T16:57:07Z;45,40239;10,94153;106,0;4,242924;0;0;No Data;No Data
1455987430;2016-02-20T16:57:10Z;45,402445;10,941595;105,0;4,250881;0;0;No Data;No Data
1455987433;2016-02-20T16:57:13Z;45,40251;10,941658;106,0;4,259649;0;0;No Data;No Data
1455987436;2016-02-20T16:57:16Z;45,402576;10,941725;107,0;4,268733;0;0;No Data;No Data
1455987439;2016-02-20T16:57:19Z;45,402636;10,941805;107,0;4,277937;0;0;No Data;No Data
1455987442;2016-02-20T16:57:22Z;45,40269;10,941885;106,0;4,286612;0;0;No Data;No Data
1455987445;2016-02-20T16:57:25Z;45,402751;10,94196;108,0;4,29564;0;0;No Data;No Data
1455987448;2016-02-20T16:57:28Z;45,40281;10,942036;109,0;4,304532;0;0;No Data;No Data
1455987451;2016-02-20T16:57:31Z;45,402871;10,94211;112,0;4,313509;0;0;No Data;No Data
1455987454;2016-02-20T16:57:34Z;45,402935;10,942195;113,0;4,323251;0;0;No Data;No Data
1455987457;2016-02-20T16:57:37Z;45,402995;10,94227;114,0;4,332138;0;0;No Data;No Data
1455987460;2016-02-20T16:57:40Z;45,403059;10,942351;112,0;4,341787;0;0;No Data;No Data
1455987463;2016-02-20T16:57:43Z;45,403115;10,942435;112,0;4,350841;0;0;No Data;No Data
1455987466;2016-02-20T16:57:46Z;45,40317;10,94251;112,0;4,359318;0;0;No Data;No Data
1455987469;2016-02-20T16:57:49Z;45,403225;10,942585;114,0;4,367795;0;0;No Data;No Data
1455987472;2016-02-20T16:57:52Z;45,40328;10,942665;113,0;4,376547;0;0;No Data;No Data
1455987475;2016-02-20T16:57:55Z;45,403326;10,94274;114,0;4,38438;0;0;No Data;No Data
1455987478;2016-02-20T16:57:58Z;45,403385;10,942825;112,0;4,393723;0;0;No Data;No Data
1455987481;2016-02-20T16:58:01Z;45,403445;10,942896;113,0;4,402441;0;0;No Data;No Data
1455987485;2016-02-20T16:58:05Z;45,40351;10,94299;112,0;4,412754;0;0;No Data;No Data
1455987488;2016-02-20T16:58:08Z;45,403565;10,943061;109,0;4,421053;0;0;No Data;No Data
1455987492;2016-02-20T16:58:12Z;45,40363;10,94316;110,0;4,431648;0;0;No Data;No Data
1455987495;2016-02-20T16:58:15Z;45,403696;10,94322;106,0;4,440428;0;0;No Data;No Data
1455987499;2016-02-20T16:58:19Z;45,403765;10,943315;105,0;4,451112;0;0;No Data;No Data
1455987502;2016-02-20T16:58:22Z;45,403815;10,94341;105,0;4,460392;0;0;No Data;No Data
1455987505;2016-02-20T16:58:25Z;45,403863;10,943505;105,0;4,469562;0;0;No Data;No Data
1455987509;2016-02-20T16:58:29Z;45,403928;10,943595;106,0;4,479681;0;0;No Data;No Data
1455987513;2016-02-20T16:58:33Z;45,404;10,943685;107,0;4,490346;0;0;No Data;No Data
1455987516;2016-02-20T16:58:36Z;45,40405;10,94377;107,0;4,499013;0;0;No Data;No Data
1455987518;2016-02-20T16:58:38Z;45,404106;10,943896;109,0;4,510753;0;0;No Data;No Data
1455987522;2016-02-20T16:58:42Z;45,404158;10,944015;108,0;4,521729;0;0;No Data;No Data
1455987525;2016-02-20T16:58:45Z;45,404205;10,94413;106,0;4,53213;0;0;No Data;No Data
1455987528;2016-02-20T16:58:48Z;45,40422;10,94423;106,0;4,540123;0;0;No Data;No Data
1455987532;2016-02-20T16:58:52Z;45,404275;10,94434;105,0;4,550678;0;0;No Data;No Data
1455987535;2016-02-20T16:58:55Z;45,404325;10,944416;104,0;4,558857;0;0;No Data;No Data
1455987539;2016-02-20T16:58:59Z;45,404395;10,94451;105,0;4,569568;0;0;No Data;No Data
1455987542;2016-02-20T16:59:02Z;45,40444;10,94459;105,0;4,57758;0;0;No Data;No Data
1455987545;2016-02-20T16:59:05Z;45,404495;10,944675;106,0;4,586615;0;0;No Data;No Data
1455987548;2016-02-20T16:59:08Z;45,404545;10,944755;108,0;4,594987;0;0;No Data;No Data
1455987553;2016-02-20T16:59:13Z;45,404591;10,944845;108,0;4,603733;0;0;No Data;No Data
1455987558;2016-02-20T16:59:18Z;45,404651;10,944926;112,0;4,613027;0;0;No Data;No Data
1455987565;2016-02-20T16:59:25Z;45,40471;10,945015;113,0;4,622595;0;0;No Data;No Data
1455987571;2016-02-20T16:59:31Z;45,404761;10,945105;112,0;4,631682;0;0;No Data;No Data
1455987577;2016-02-20T16:59:37Z;45,404815;10,945185;113,0;4,640356;0;0;No Data;No Data
1455987581;2016-02-20T16:59:41Z;45,40487;10,94528;111,0;4,64998;0;0;No Data;No Data
1455987587;2016-02-20T16:59:47Z;45,404916;10,94536;111,0;4,658109;0;0;No Data;No Data
1455987593;2016-02-20T16:59:53Z;45,404955;10,945448;113,0;4,666266;0;0;No Data;No Data
1455987600;2016-02-20T17:00:00Z;45,40503;10,945506;113,0;4,675792;0;0;No Data;No Data
1455987607;2016-02-20T17:00:07Z;45,405071;10,94559;111,0;4,683831;0;0;No Data;No Data
1455987613;2016-02-20T17:00:13Z;45,405121;10,94567;111,0;4,692252;0;0;No Data;No Data
1455987743;2016-02-20T17:02:23Z;45,407085;10,948865;105,0;5,024173;0;0;No Data;No Data
1455987748;2016-02-20T17:02:28Z;45,407161;10,948966;106,0;5,035834;0;0;No Data;No Data
1455987759;2016-02-20T17:02:39Z;45,407336;10,94928;111,0;5,067215;0;0;No Data;No Data
1455987763;2016-02-20T17:02:43Z;45,4074;10,949395;109,0;5,078685;0;0;No Data;No Data
1455987766;2016-02-20T17:02:46Z;45,407445;10,94949;108,0;5,087642;0;0;No Data;No Data
1455987768;2016-02-20T17:02:48Z;45,407488;10,949585;108,0;5,096496;0;0;No Data;No Data
1455987771;2016-02-20T17:02:51Z;45,407535;10,949708;106,0;5,107464;0;0;No Data;No Data
1455987774;2016-02-20T17:02:54Z;45,407576;10,949795;105,0;5,115696;0;0;No Data;No Data
1455987783;2016-02-20T17:03:03Z;45,407735;10,95008;105,0;5,144148;0;0;No Data;No Data
1455987789;2016-02-20T17:03:09Z;45,407865;10,950278;106,0;5,165355;0;0;No Data;No Data
1455987793;2016-02-20T17:03:13Z;45,407911;10,95038;103,0;5,174871;0;0;No Data;No Data
1455987797;2016-02-20T17:03:17Z;45,407975;10,95048;105,0;5,185447;0;0;No Data;No Data
1455987800;2016-02-20T17:03:20Z;45,408035;10,950545;105,0;5,193839;0;0;No Data;No Data
1455987804;2016-02-20T17:03:24Z;45,40811;10,950635;105,0;5,204757;0;0;No Data;No Data
1455987807;2016-02-20T17:03:27Z;45,40816;10,950725;105,0;5,213727;0;0;No Data;No Data
1455987810;2016-02-20T17:03:30Z;45,408205;10,95083;104,0;5,223342;0;0;No Data;No Data
1455987813;2016-02-20T17:03:33Z;45,408246;10,95095;103,0;5,233806;0;0;No Data;No Data
1455987816;2016-02-20T17:03:36Z;45,408295;10,95106;104,0;5,243987;0;0;No Data;No Data
1455987819;2016-02-20T17:03:39Z;45,408346;10,951165;104,0;5,254008;0;0;No Data;No Data
1455987822;2016-02-20T17:03:42Z;45,4084;10,951261;106,0;5,263663;0;0;No Data;No Data
1455987825;2016-02-20T17:03:45Z;45,40845;10,951355;105,0;5,27288;0;0;No Data;No Data
1455987828;2016-02-20T17:03:48Z;45,40852;10,951415;106,0;5,281975;0;0;No Data;No Data
1455987831;2016-02-20T17:03:51Z;45,40859;10,951465;106,0;5,290693;0;0;No Data;No Data
1455987834;2016-02-20T17:03:54Z;45,408646;10,95154;107,0;5,299304;0;0;No Data;No Data
1455987837;2016-02-20T17:03:57Z;45,408695;10,95163;107,0;5,308206;0;0;No Data;No Data
1455987840;2016-02-20T17:04:00Z;45,408755;10,951746;108,0;5,319509;0;0;No Data;No Data
1455987842;2016-02-20T17:04:02Z;45,408795;10,951835;108,0;5,327768;0;0;No Data;No Data
1455987845;2016-02-20T17:04:05Z;45,408851;10,95195;108,0;5,338749;0;0;No Data;No Data
1455987848;2016-02-20T17:04:08Z;45,408911;10,952075;108,0;5,350626;0;0;No Data;No Data
1455987851;2016-02-20T17:04:11Z;45,408985;10,952171;107,0;5,361804;0;0;No Data;No Data
1455987854;2016-02-20T17:04:14Z;45,409045;10,952226;110,0;5,369776;0;0;No Data;No Data
1455987858;2016-02-20T17:04:18Z;45,409115;10,95228;110,0;5,378639;0;0;No Data;No Data
1455987862;2016-02-20T17:04:22Z;45,40918;10,95238;112,0;5,389291;0;0;No Data;No Data
1455987865;2016-02-20T17:04:25Z;45,40922;10,952466;112,0;5,397398;0;0;No Data;No Data
1455987868;2016-02-20T17:04:28Z;45,409265;10,95255;113,0;5,405656;0;0;No Data;No Data
1455987872;2016-02-20T17:04:32Z;45,409326;10,952655;116,0;5,416355;0;0;No Data;No Data
1455987875;2016-02-20T17:04:35Z;45,409375;10,952745;116,0;5,425256;0;0;No Data;No Data
1455987878;2016-02-20T17:04:38Z;45,409431;10,952815;118,0;5,433606;0;0;No Data;No Data
1455987881;2016-02-20T17:04:41Z;45,409463;10,95291;109,0;5,441857;0;0;No Data;No Data
1455987885;2016-02-20T17:04:45Z;45,4095;10,953035;107,0;5,45246;0;0;No Data;No Data
1455987890;2016-02-20T17:04:50Z;45,40954;10,953138;106,0;5,461683;0;0;No Data;No Data
1455987895;2016-02-20T17:04:55Z;45,40958;10,953231;107,0;5,470252;0;0;No Data;No Data
1455987901;2016-02-20T17:05:01Z;45,40964;10,95334;109,0;5,481078;0;0;No Data;No Data
1455987905;2016-02-20T17:05:05Z;45,409686;10,953445;108,0;5,490791;0;0;No Data;No Data
1455987909;2016-02-20T17:05:09Z;45,409745;10,953546;112,0;5,5011;0;0;No Data;No Data
1455987913;2016-02-20T17:05:13Z;45,409825;10,953616;110,0;5,51158;0;0;No Data;No Data
1455987917;2016-02-20T17:05:17Z;45,409905;10,953685;110,0;5,521991;0;0;No Data;No Data
1455987920;2016-02-20T17:05:20Z;45,40996;10,953755;107,0;5,530202;0;0;No Data;No Data
1455987923;2016-02-20T17:05:23Z;45,410015;10,953826;107,0;5,538501;0;0;No Data;No Data
1455987926;2016-02-20T17:05:26Z;45,41006;10,95391;107,0;5,546759;0;0;No Data;No Data
1455987929;2016-02-20T17:05:29Z;45,410115;10,95399;110,0;5,55551;0;0;No Data;No Data
1455987932;2016-02-20T17:05:32Z;45,410165;10,95406;110,0;5,563315;0;0;No Data;No Data
1455987935;2016-02-20T17:05:35Z;45,410215;10,954143;111,0;5,571883;0;0;No Data;No Data
1455987938;2016-02-20T17:05:38Z;45,41027;10,954241;111,0;5,58173;0;0;No Data;No Data
1455987941;2016-02-20T17:05:41Z;45,41032;10,95433;111,0;5,590639;0;0;No Data;No Data
1455987944;2016-02-20T17:05:44Z;45,410376;10,954396;111,0;5,598821;0;0;No Data;No Data
1455987947;2016-02-20T17:05:47Z;45,410425;10,95448;111,0;5,607356;0;0;No Data;No Data
1455987950;2016-02-20T17:05:50Z;45,410485;10,95454;113,0;5,615517;0;0;No Data;No Data
1455987953;2016-02-20T17:05:53Z;45,41054;10,95461;115,0;5,623728;0;0;No Data;No Data
1455987956;2016-02-20T17:05:56Z;45,41059;10,95469;113,0;5,632099;0;0;No Data;No Data
1455987959;2016-02-20T17:05:59Z;45,41065;10,95476;114,0;5,640733;0;0;No Data;No Data
1455987963;2016-02-20T17:06:03Z;45,410715;10,954861;112,0;5,65148;0;0;No Data;No Data
1455987966;2016-02-20T17:06:06Z;45,410766;10,954945;111,0;5,660208;0;0;No Data;No Data
1455987969;2016-02-20T17:06:09Z;45,410835;10,955025;112,0;5,670113;0;0;No Data;No Data
1455987972;2016-02-20T17:06:12Z;45,410891;10,95512;112,0;5,679856;0;0;No Data;No Data
1455987975;2016-02-20T17:06:15Z;45,410951;10,955196;110,0;5,688884;0;0;No Data;No Data
1455987978;2016-02-20T17:06:18Z;45,411005;10,95527;109,0;5,697226;0;0;No Data;No Data
1455987981;2016-02-20T17:06:21Z;45,411053;10,95535;109,0;5,705475;0;0;No Data;No Data
1455987985;2016-02-20T17:06:25Z;45,411131;10,955405;110,0;5,71523;0;0;No Data;No Data
1455987989;2016-02-20T17:06:29Z;45,411205;10,95534;111,0;5,724908;0;0;No Data;No Data
1455987993;2016-02-20T17:06:33Z;45,411275;10,955265;112,0;5,73466;0;0;No Data;No Data
1455987997;2016-02-20T17:06:37Z;45,41135;10,95521;110,0;5,744051;0;0;No Data;No Data
1455988001;2016-02-20T17:06:41Z;45,41142;10,95512;110,0;5,754549;0;0;No Data;No Data
1455988004;2016-02-20T17:06:44Z;45,411475;10,955051;111,0;5,762674;0;0;No Data;No Data
1455988007;2016-02-20T17:06:47Z;45,411536;10,954965;112,0;5,772281;0;0;No Data;No Data
1455988010;2016-02-20T17:06:50Z;45,411585;10,954871;113,0;5,78139;0;0;No Data;No Data
1455988016;2016-02-20T17:06:56Z;45,41164;10,954786;112,0;5,790386;0;0;No Data;No Data
1455988020;2016-02-20T17:07:00Z;45,411711;10,954701;115,0;5,800735;0;0;No Data;No Data
1455988023;2016-02-20T17:07:03Z;45,41177;10,95463;117,0;5,809334;0;0;No Data;No Data
1455988027;2016-02-20T17:07:07Z;45,41184;10,954555;116,0;5,819086;0;0;No Data;No Data
1455988031;2016-02-20T17:07:11Z;45,411916;10,954485;116,0;5,829224;0;0;No Data;No Data
1455988035;2016-02-20T17:07:15Z;45,41198;10,954425;115,0;5,837754;0;0;No Data;No Data
1455988042;2016-02-20T17:07:22Z;45,412;10,954436;113,0;5,840159;0;0;No Data;No Data
1455988049;2016-02-20T17:07:29Z;45,412025;10,954406;114,0;5,843766;0;0;No Data;No Data
1455988052;2016-02-20T17:07:32Z;45,412081;10,954335;112,0;5,852168;0;0;No Data;No Data
1455988055;2016-02-20T17:07:35Z;45,412161;10,95425;112,0;5,863339;0;0;No Data;No Data
1455988058;2016-02-20T17:07:38Z;45,41223;10,954195;113,0;5,872142;0;0;No Data;No Data
1455988062;2016-02-20T17:07:42Z;45,412305;10,95413;113,0;5,881916;0;0;No Data;No Data
1455988066;2016-02-20T17:07:46Z;45,41237;10,954045;112,0;5,89174;0;0;No Data;No Data
1455988069;2016-02-20T17:07:49Z;45,412416;10,953955;112,0;5,900485;0;0;No Data;No Data
1455988072;2016-02-20T17:07:52Z;45,412475;10,95388;112,0;5,909288;0;0;No Data;No Data
1455988075;2016-02-20T17:07:55Z;45,412535;10,9538;112,0;5,918437;0;0;No Data;No Data
1455988078;2016-02-20T17:07:58Z;45,412605;10,953725;113,0;5,928188;0;0;No Data;No Data
1455988081;2016-02-20T17:08:01Z;45,41267;10,95365;112,0;5,937501;0;0;No Data;No Data
1455988084;2016-02-20T17:08:04Z;45,41273;10,953575;111,0;5,946389;0;0;No Data;No Data
1455988087;2016-02-20T17:08:07Z;45,412796;10,953515;112,0;5,955169;0;0;No Data;No Data
1455988090;2016-02-20T17:08:10Z;45,412866;10,953455;112,0;5,964327;0;0;No Data;No Data
1455988093;2016-02-20T17:08:13Z;45,412935;10,953386;114,0;5,973683;0;0;No Data;No Data
1455988096;2016-02-20T17:08:16Z;45,413005;10,953305;112,0;5,983723;0;0;No Data;No Data
1455988099;2016-02-20T17:08:19Z;45,41306;10,953215;112,0;5,993049;0;0;No Data;No Data
1455988102;2016-02-20T17:08:22Z;45,413108;10,953116;112,0;6,00243;0;0;No Data;No Data
1455988105;2016-02-20T17:08:25Z;45,413161;10,953043;111,0;6,010674;0;0;No Data;No Data
1455988110;2016-02-20T17:08:30Z;45,413216;10,952975;112,0;6,018838;0;0;No Data;No Data
1455988116;2016-02-20T17:08:36Z;45,41328;10,95288;114,0;6,029128;0;0;No Data;No Data
1455988119;2016-02-20T17:08:39Z;45,41334;10,952816;115,0;6,037443;0;0;No Data;No Data
1455988123;2016-02-20T17:08:43Z;45,413411;10,952745;107,0;6,047161;0;0;No Data;No Data
1455988127;2016-02-20T17:08:47Z;45,413491;10,952655;106,0;6,058569;0;0;No Data;No Data
1455988130;2016-02-20T17:08:50Z;45,41357;10,95256;104,0;6,070079;0;0;No Data;No Data
1455988133;2016-02-20T17:08:53Z;45,41365;10,95247;104,0;6,081428;0;0;No Data;No Data
1455988136;2016-02-20T17:08:56Z;45,413725;10,952385;108,0;6,092098;0;0;No Data;No Data
1455988139;2016-02-20T17:08:59Z;45,413795;10,952315;109,0;6,101619;0;0;No Data;No Data
1455988142;2016-02-20T17:09:02Z;45,413846;10,952226;110,0;6,110605;0;0;No Data;No Data
1455988145;2016-02-20T17:09:05Z;45,413896;10,952136;110,0;6,119581;0;0;No Data;No Data
1455988148;2016-02-20T17:09:08Z;45,413946;10,952045;111,0;6,128658;0;0;No Data;No Data
1455988151;2016-02-20T17:09:11Z;45,414003;10,951956;111,0;6,13806;0;0;No Data;No Data
1455988154;2016-02-20T17:09:14Z;45,41407;10,951875;114,0;6,147843;0;0;No Data;No Data
1455988157;2016-02-20T17:09:17Z;45,414145;10,951785;116,0;6,15876;0;0;No Data;No Data
1455988160;2016-02-20T17:09:20Z;45,414215;10,951675;119,0;6,170363;0;0;No Data;No Data
1455988163;2016-02-20T17:09:23Z;45,41429;10,951601;119,0;6,180491;0;0;No Data;No Data
1455988166;2016-02-20T17:09:26Z;45,41436;10,951545;118,0;6,189429;0;0;No Data;No Data
1455988170;2016-02-20T17:09:30Z;45,41442;10,951465;115,0;6,198579;0;0;No Data;No Data
1455988173;2016-02-20T17:09:33Z;45,41449;10,95139;112,0;6,20833;0;0;No Data;No Data
1455988177;2016-02-20T17:09:37Z;45,414556;10,951305;113,0;6,218291;0;0;No Data;No Data
1455988180;2016-02-20T17:09:40Z;45,414611;10,951225;113,0;6,227094;0;0;No Data;No Data
1455988183;2016-02-20T17:09:43Z;45,414666;10,951131;112,0;6,236665;0;0;No Data;No Data
1455988186;2016-02-20T17:09:46Z;45,41472;10,951036;112,0;6,246178;0;0;No Data;No Data
1455988189;2016-02-20T17:09:49Z;45,41478;10,950961;111,0;6,25503;0;0;No Data;No Data
1455988192;2016-02-20T17:09:52Z;45,414835;10,950881;112,0;6,263744;0;0;No Data;No Data
1455988195;2016-02-20T17:09:55Z;45,414881;10,950785;111,0;6,272869;0;0;No Data;No Data
1455988198;2016-02-20T17:09:58Z;45,41493;10,950696;111,0;6,281667;0;0;No Data;No Data
1455988201;2016-02-20T17:10:01Z;45,41498;10,950616;111,0;6,289999;0;0;No Data;No Data
1455988204;2016-02-20T17:10:04Z;45,41503;10,95054;112,0;6,298139;0;0;No Data;No Data
1455988207;2016-02-20T17:10:07Z;45,4151;10,950466;112,0;6,307813;0;0;No Data;No Data
1455988210;2016-02-20T17:10:10Z;45,41517;10,95044;112,0;6,315866;0;0;No Data;No Data
1455988215;2016-02-20T17:10:15Z;45,415236;10,950356;114,0;6,32574;0;0;No Data;No Data
1455988219;2016-02-20T17:10:19Z;45,41529;10,950261;110,0;6,335253;0;0;No Data;No Data
1455988223;2016-02-20T17:10:23Z;45,41536;10,950183;110,0;6,345131;0;0;No Data;No Data
1455988227;2016-02-20T17:10:27Z;45,41542;10,950086;108,0;6,355196;0;0;No Data;No Data
1455988230;2016-02-20T17:10:30Z;45,41548;10,950005;107,0;6,364399;0;0;No Data;No Data
1455988233;2016-02-20T17:10:33Z;45,41555;10,949925;107,0;6,37439;0;0;No Data;No Data
1455988236;2016-02-20T17:10:36Z;45,415625;10,949841;105,0;6,384979;0;0;No Data;No Data
1455988239;2016-02-20T17:10:39Z;45,41569;10,949765;106,0;6,39434;0;0;No Data;No Data
1455988242;2016-02-20T17:10:42Z;45,415756;10,949691;107,0;6,403717;0;0;No Data;No Data
1455988245;2016-02-20T17:10:45Z;45,415835;10,94963;107,0;6,413721;0;0;No Data;No Data
1455988248;2016-02-20T17:10:48Z;45,415905;10,949566;109,0;6,422953;0;0;No Data;No Data
1455988252;2016-02-20T17:10:52Z;45,415985;10,949521;111,0;6,432509;0;0;No Data;No Data
1455988256;2016-02-20T17:10:56Z;45,416061;10,94948;112,0;6,441626;0;0;No Data;No Data
1455988261;2016-02-20T17:11:01Z;45,416145;10,94945;112,0;6,451267;0;0;No Data;No Data
1455988266;2016-02-20T17:11:06Z;45,416221;10,949425;114,0;6,460023;0;0;No Data;No Data
1455988271;2016-02-20T17:11:11Z;45,416305;10,949415;115,0;6,469407;0;0;No Data;No Data
1455988276;2016-02-20T17:11:16Z;45,41639;10,949395;114,0;6,478998;0;0;No Data;No Data
1455988281;2016-02-20T17:11:21Z;45,416471;10,949395;114,0;6,48809;0;0;No Data;No Data
1455988285;2016-02-20T17:11:25Z;45,416546;10,94943;113,0;6,496947;0;0;No Data;No Data
1455988288;2016-02-20T17:11:28Z;45,416606;10,949515;113,0;6,50642;0;0;No Data;No Data
1455988291;2016-02-20T17:11:31Z;45,416675;10,949595;111,0;6,516323;0;0;No Data;No Data
1455988294;2016-02-20T17:11:34Z;45,416753;10,949665;111,0;6,526617;0;0;No Data;No Data
1455988297;2016-02-20T17:11:37Z;45,416821;10,949745;111,0;6,536493;0;0;No Data;No Data
1455988300;2016-02-20T17:11:40Z;45,41688;10,949823;113,0;6,545472;0;0;No Data;No Data
1455988303;2016-02-20T17:11:43Z;45,416941;10,949896;113,0;6,554432;0;0;No Data;No Data
1455988306;2016-02-20T17:11:46Z;45,41701;10,94998;115,0;6,564536;0;0;No Data;No Data
1455988309;2016-02-20T17:11:49Z;45,417045;10,95008;116,0;6,573269;0;0;No Data;No Data
1455988312;2016-02-20T17:11:52Z;45,4171;10,95016;117,0;6,58202;0;0;No Data;No Data
1455988315;2016-02-20T17:11:55Z;45,417165;10,950215;115,0;6,590436;0;0;No Data;No Data
1455988318;2016-02-20T17:11:58Z;45,41725;10,950181;118,0;6,600251;0;0;No Data;No Data
1455988321;2016-02-20T17:12:01Z;45,41732;10,950145;117,0;6,608536;0;0;No Data;No Data
1455988325;2016-02-20T17:12:05Z;45,417406;10,95014;118,0;6,618192;0;0;No Data;No Data
1455988328;2016-02-20T17:12:08Z;45,41748;10,9501;118,0;6,627004;0;0;No Data;No Data
1455988332;2016-02-20T17:12:12Z;45,417576;10,95013;118,0;6,638018;0;0;No Data;No Data
1455988335;2016-02-20T17:12:15Z;45,417656;10,950195;118,0;6,648336;0;0;No Data;No Data
1455988338;2016-02-20T17:12:18Z;45,41773;10,950265;118,0;6,658225;0;0;No Data;No Data
1455988341;2016-02-20T17:12:21Z;45,417775;10,950355;118,0;6,666859;0;0;No Data;No Data
1455988344;2016-02-20T17:12:24Z;45,417825;10,950445;116,0;6,675828;0;0;No Data;No Data
1455988348;2016-02-20T17:12:28Z;45,41789;10,950523;113,0;6,685306;0;0;No Data;No Data
1455988352;2016-02-20T17:12:32Z;45,417948;10,950623;113,0;6,695487;0;0;No Data;No Data
1455988355;2016-02-20T17:12:35Z;45,41799;10,950725;113,0;6,704728;0;0;No Data;No Data
1455988358;2016-02-20T17:12:38Z;45,41805;10,950825;114,0;6,715008;0;0;No Data;No Data
1455988361;2016-02-20T17:12:41Z;45,418103;10,950915;113,0;6,724212;0;0;No Data;No Data
1455988364;2016-02-20T17:12:44Z;45,418165;10,950981;112,0;6,73286;0;0;No Data;No Data
1455988367;2016-02-20T17:12:47Z;45,41824;10,951005;116,0;6,741418;0;0;No Data;No Data
1455988370;2016-02-20T17:12:50Z;45,41831;10,950945;115,0;6,750513;0;0;No Data;No Data
1455988373;2016-02-20T17:12:53Z;45,41838;10,950881;114,0;6,759745;0;0;No Data;No Data
1455988376;2016-02-20T17:12:56Z;45,41845;10,950826;114,0;6,768619;0;0;No Data;No Data
1455988379;2016-02-20T17:12:59Z;45,418525;10,95076;116,0;6,778433;0;0;No Data;No Data
1455988382;2016-02-20T17:13:02Z;45,41859;10,950693;116,0;6,787349;0;0;No Data;No Data
1455988386;2016-02-20T17:13:06Z;45,41867;10,95068;111,0;6,796314;0;0;No Data;No Data
1455988390;2016-02-20T17:13:10Z;45,41873;10,95075;112,0;6,804947;0;0;No Data;No Data
1455988392;2016-02-20T17:13:12Z;45,41881;10,950765;113,0;6,81393;0;0;No Data;No Data
1455988394;2016-02-20T17:13:14Z;45,4189;10,950776;113,0;6,823991;0;0;No Data;No Data
1455988400;2016-02-20T17:13:20Z;45,41897;10,950875;115,0;6,834972;0;0;No Data;No Data
1455988404;2016-02-20T17:13:24Z;45,419025;10,95096;117,0;6,844005;0;0;No Data;No Data
1455988408;2016-02-20T17:13:28Z;45,419075;10,95105;118,0;6,852974;0;0;No Data;No Data
1455988412;2016-02-20T17:13:32Z;45,419126;10,951151;118,0;6,862783;0;0;No Data;No Data
1455988417;2016-02-20T17:13:37Z;45,419185;10,95122;122,0;6,87128;0;0;No Data;No Data
1455988424;2016-02-20T17:13:44Z;45,41923;10,95118;123,0;6,877185;0;0;No Data;No Data
1455988431;2016-02-20T17:13:51Z;45,419235;10,951285;124,0;6,885409;0;0;No Data;No Data
1455988434;2016-02-20T17:13:54Z;45,419285;10,951385;123,0;6,895004;0;0;No Data;No Data
1455988437;2016-02-20T17:13:57Z;45,419325;10,951485;121,0;6,903998;0;0;No Data;No Data
1455988441;2016-02-20T17:14:01Z;45,419383;10,951561;120,0;6,912834;0;0;No Data;No Data
1455988445;2016-02-20T17:14:05Z;45,41946;10,951641;121,0;6,923475;0;0;No Data;No Data
1455988449;2016-02-20T17:14:09Z;45,419545;10,951698;120,0;6,933945;0;0;No Data;No Data
1455988453;2016-02-20T17:14:13Z;45,419615;10,951785;118,0;6,944287;0;0;No Data;No Data
1455988457;2016-02-20T17:14:17Z;45,41968;10,951866;118,0;6,953935;0;0;No Data;No Data
1455988460;2016-02-20T17:14:20Z;45,41977;10,95188;118,0;6,964014;0;0;No Data;No Data
1455988463;2016-02-20T17:14:23Z;45,419855;10,951926;118,0;6,974155;0;0;No Data;No Data
1455988466;2016-02-20T17:14:26Z;45,41993;10,95201;117,0;6,984776;0;0;No Data;No Data
1455988469;2016-02-20T17:14:29Z;45,42;10,95208;119,0;6,994297;0;0;No Data;No Data
1455988472;2016-02-20T17:14:32Z;45,42007;10,95215;122,0;7,003818;0;0;No Data;No Data
1455988475;2016-02-20T17:14:35Z;45,420141;10,952205;122,0;7,01288;0;0;No Data;No Data
1455988478;2016-02-20T17:14:38Z;45,4202;10,952285;122,0;7,021948;0;0;No Data;No Data
1455988481;2016-02-20T17:14:41Z;45,42024;10,952386;125,0;7,031055;0;0;No Data;No Data
1455988484;2016-02-20T17:14:44Z;45,42029;10,952485;126,0;7,040586;0;0;No Data;No Data
1455988487;2016-02-20T17:14:47Z;45,42034;10,952585;125,0;7,05018;0;0;No Data;No Data
1455988490;2016-02-20T17:14:50Z;45,420395;10,952675;123,0;7,059505;0;0;No Data;No Data
1455988493;2016-02-20T17:14:53Z;45,420453;10,952735;121,0;7,067515;0;0;No Data;No Data
1455988497;2016-02-20T17:14:57Z;45,420545;10,952781;122,0;7,078387;0;0;No Data;No Data
1455988500;2016-02-20T17:15:00Z;45,420596;10,952871;122,0;7,087513;0;0;No Data;No Data
1455988503;2016-02-20T17:15:03Z;45,420641;10,95296;123,0;7,096127;0;0;No Data;No Data
1455988506;2016-02-20T17:15:06Z;45,420696;10,95305;123,0;7,1055;0;0;No Data;No Data
1455988510;2016-02-20T17:15:10Z;45,42078;10,95307;120,0;7,114981;0;0;No Data;No Data
1455988514;2016-02-20T17:15:14Z;45,42084;10,952995;121,0;7,123867;0;0;No Data;No Data
1455988517;2016-02-20T17:15:17Z;45,4209;10,952915;121,0;7,133016;0;0;No Data;No Data
1455988520;2016-02-20T17:15:20Z;45,42096;10,952845;119,0;7,141649;0;0;No Data;No Data
1455988523;2016-02-20T17:15:23Z;45,421021;10,95279;120,0;7,149748;0;0;No Data;No Data
1455988527;2016-02-20T17:15:27Z;45,4211;10,95273;121,0;7,159714;0;0;No Data;No Data
1455988531;2016-02-20T17:15:31Z;45,42117;10,952665;120,0;7,169016;0;0;No Data;No Data
1455988534;2016-02-20T17:15:34Z;45,421241;10,952626;120,0;7,177538;0;0;No Data;No Data
1455988537;2016-02-20T17:15:37Z;45,421325;10,95257;120,0;7,187863;0;0;No Data;No Data
1455988540;2016-02-20T17:15:40Z;45,4214;10,952525;119,0;7,196923;0;0;No Data;No Data
1455988543;2016-02-20T17:15:43Z;45,421475;10,95252;118,0;7,205282;0;0;No Data;No Data
1455988546;2016-02-20T17:15:46Z;45,421561;10,95249;118,0;7,215211;0;0;No Data;No Data
1455988549;2016-02-20T17:15:49Z;45,421631;10,952445;118,0;7,223828;0;0;No Data;No Data
1455988552;2016-02-20T17:15:52Z;45,42171;10,952405;117,0;7,233162;0;0;No Data;No Data
1455988555;2016-02-20T17:15:55Z;45,42178;10,952365;117,0;7,241558;0;0;No Data;No Data
1455988559;2016-02-20T17:15:59Z;45,42186;10,95242;117,0;7,251447;0;0;No Data;No Data
1455988562;2016-02-20T17:16:02Z;45,421935;10,95248;119,0;7,261023;0;0;No Data;No Data
1455988569;2016-02-20T17:16:09Z;45,421991;10,952525;120,0;7,268246;0;0;No Data;No Data
1455988575;2016-02-20T17:16:15Z;45,422076;10,952561;120,0;7,278205;0;0;No Data;No Data
1455988578;2016-02-20T17:16:18Z;45,42215;10,95257;120,0;7,286473;0;0;No Data;No Data
1455988585;2016-02-20T17:16:25Z;45,422181;10,952565;118,0;7,290018;0;0;No Data;No Data
1455988589;2016-02-20T17:16:29Z;45,422225;10,952651;117,0;7,298376;0;0;No Data;No Data
1455988592;2016-02-20T17:16:32Z;45,42229;10,95273;117,0;7,307888;0;0;No Data;No Data
1455988595;2016-02-20T17:16:35Z;45,422376;10,95279;117,0;7,318615;0;0;No Data;No Data
1455988598;2016-02-20T17:16:38Z;45,422445;10,95286;117,0;7,328045;0;0;No Data;No Data
1455988601;2016-02-20T17:16:41Z;45,42248;10,952966;116,0;7,337246;0;0;No Data;No Data
1455988604;2016-02-20T17:16:44Z;45,422516;10,953075;116,0;7,346691;0;0;No Data;No Data
1455988611;2016-02-20T17:16:51Z;45,422545;10,953125;117,0;7,351759;0;0;No Data;No Data
1455988618;2016-02-20T17:16:58Z;45,422555;10,953145;117,0;7,353677;0;0;No Data;No Data
1455988624;2016-02-20T17:17:04Z;45,4226;10,953225;116,0;7,361688;0;0;No Data;No Data
1455988630;2016-02-20T17:17:10Z;45,422695;10,953225;117,0;7,372265;0;0;No Data;No Data
1455988633;2016-02-20T17:17:13Z;45,42277;10,953138;117,0;7,383015;0;0;No Data;No Data
1455988635;2016-02-20T17:17:15Z;45,422825;10,953071;117,0;7,391038;0;0;No Data;No Data
1455988637;2016-02-20T17:17:17Z;45,422885;10,953006;117,0;7,399398;0;0;No Data;No Data
1455988640;2016-02-20T17:17:20Z;45,42295;10,952915;117,0;7,409543;0;0;No Data;No Data
1455988643;2016-02-20T17:17:23Z;45,42301;10,95283;116,0;7,418963;0;0;No Data;No Data
1455988646;2016-02-20T17:17:26Z;45,42306;10,95274;119,0;7,427932;0;0;No Data;No Data
1455988650;2016-02-20T17:17:30Z;45,423125;10,95266;120,0;7,437494;0;0;No Data;No Data
1455988653;2016-02-20T17:17:33Z;45,4232;10,952705;118,0;7,446554;0;0;No Data;No Data
1455988656;2016-02-20T17:17:36Z;45,42328;10,952765;117,0;7,456619;0;0;No Data;No Data
1455988659;2016-02-20T17:17:39Z;45,423355;10,952835;117,0;7,466601;0;0;No Data;No Data
1455988662;2016-02-20T17:17:42Z;45,423423;10,952895;116,0;7,475538;0;0;No Data;No Data
1455988665;2016-02-20T17:17:45Z;45,423505;10,95293;116,0;7,485068;0;0;No Data;No Data
1455988668;2016-02-20T17:17:48Z;45,423585;10,952975;116,0;7,494644;0;0;No Data;No Data
1455988672;2016-02-20T17:17:52Z;45,42366;10,953025;117,0;7,503862;0;0;No Data;No Data
1455988676;2016-02-20T17:17:56Z;45,42373;10,953096;116,0;7,513459;0;0;No Data;No Data
1455988679;2016-02-20T17:17:59Z;45,423796;10,95315;114,0;7,521997;0;0;No Data;No Data
1455988682;2016-02-20T17:18:02Z;45,423858;10,953205;115,0;7,530159;0;0;No Data;No Data
1455988685;2016-02-20T17:18:05Z;45,423925;10,953251;117,0;7,538462;0;0;No Data;No Data
1455988688;2016-02-20T17:18:08Z;45,423985;10,953306;117,0;7,546434;0;0;No Data;No Data
1455988692;2016-02-20T17:18:12Z;45,42407;10,953365;117,0;7,55696;0;0;No Data;No Data
1455988695;2016-02-20T17:18:15Z;45,42414;10,953405;118,0;7,565356;0;0;No Data;No Data
1455988698;2016-02-20T17:18:18Z;45,424205;10,953455;118,0;7,573579;0;0;No Data;No Data
1455988705;2016-02-20T17:18:25Z;45,42426;10,95345;119,0;7,579714;0;0;No Data;No Data
1455988712;2016-02-20T17:18:32Z;45,42428;10,953525;118,0;7,585983;0;0;No Data;No Data
1455988715;2016-02-20T17:18:35Z;45,424281;10,95365;119,0;7,595752;0;0;No Data;No Data
1455988717;2016-02-20T17:18:37Z;45,42428;10,953755;118,0;7,603957;0;0;No Data;No Data
1455988720;2016-02-20T17:18:40Z;45,424295;10,953875;120,0;7,613481;0;0;No Data;No Data
1455988723;2016-02-20T17:18:43Z;45,424335;10,953965;120,0;7,621805;0;0;No Data;No Data
1455988730;2016-02-20T17:18:50Z;45,424365;10,95401;120,0;7,626655;0;0;No Data;No Data
1455988736;2016-02-20T17:18:56Z;45,42441;10,95411;119,0;7,635937;0;0;No Data;No Data
1455988740;2016-02-20T17:19:00Z;45,42446;10,954191;119,0;7,644404;0;0;No Data;No Data
1455988743;2016-02-20T17:19:03Z;45,42452;10,954295;120,0;7,654923;0;0;No Data;No Data
1455988745;2016-02-20T17:19:05Z;45,42457;10,9544;120,0;7,664837;0;0;No Data;No Data
1455988748;2016-02-20T17:19:08Z;45,424625;10,954525;121,0;7,676365;0;0;No Data;No Data
1455988751;2016-02-20T17:19:11Z;45,42466;10,954645;120,0;7,686518;0;0;No Data;No Data
1455988754;2016-02-20T17:19:14Z;45,424711;10,954753;120,0;7,696752;0;0;No Data;No Data
1455988757;2016-02-20T17:19:17Z;45,42475;10,954865;119,0;7,706521;0;0;No Data;No Data
1455988760;2016-02-20T17:19:20Z;45,424781;10,954975;119,0;7,715811;0;0;No Data;No Data
1455988763;2016-02-20T17:19:23Z;45,424806;10,955085;119,0;7,724869;0;0;No Data;No Data